{
  "centroids": [
    -0.1327867652990987,
    -0.03993914464227154,
    0.039939144642271655,
    0.13278676529909866
  ],
  "boundaries": [
    -1.0,
    -0.08636295497068511,
    5.898059818321144e-17,
    0.08636295497068516,
    1.0
  ],
  "dim": 128,
  "bits": 2,
  "distortion": 0.0008954825586298743
}