{
  "centroids": [
    -0.23969823771101714,
    -0.1833687239919053,
    -0.14451341562818687,
    -0.11296969466505379,
    -0.0852777257804595,
    -0.05982311589097744,
    -0.03559082022244684,
    -0.011831715820298435,
    0.011831715820298605,
    0.035590820222446834,
    0.05982311589097755,
    0.08527772578045956,
    0.11296969466505388,
    0.1445134156281869,
    0.18336872399190537,
    0.2396982377110173
  ],
  "boundaries": [
    -1.0,
    -0.21153348085146123,
    -0.16394106981004608,
    -0.12874155514662033,
    -0.09912371022275665,
    -0.07255042083571847,
    -0.04770696805671214,
    -0.023711268021372637,
    8.500145032286355e-17,
    0.02371126802137272,
    0.04770696805671219,
    0.07255042083571855,
    0.09912371022275672,
    0.1287415551466204,
    0.16394106981004614,
    0.21153348085146134,
    1.0
  ],
  "dim": 128,
  "bits": 4,
  "distortion": 7.107568200131906e-05
}