{
  "centroids": [
    -0.1885686295039688,
    -0.1185304943973821,
    -0.0669457255733353,
    -0.021750164509919127,
    0.021750164509919335,
    0.06694572557333528,
    0.11853049439738217,
    0.18856862950396894
  ],
  "boundaries": [
    -1.0,
    -0.15354956195067546,
    -0.0927381099853587,
    -0.04434794504162721,
    1.0408340855860843e-16,
    0.044347945041627305,
    0.09273810998535872,
    0.15354956195067554,
    1.0
  ],
  "dim": 128,
  "bits": 3,
  "distortion": 0.0002609760780244713
}