{
  "centroids": [
    -0.1864128275063374,
    -0.05622634236009547,
    0.056226342360095646,
    0.1864128275063375
  ],
  "boundaries": [
    -1.0,
    -0.12131958493321643,
    8.673617379884035e-17,
    0.12131958493321657,
    1.0
  ],
  "dim": 64,
  "bits": 2,
  "distortion": 0.0017572614404607265
}