{
  "centroids": [
    -0.2628807871502874,
    -0.16577311554037832,
    -0.09376107531683679,
    -0.03048935469875065,
    0.030489354698750817,
    0.09376107531683688,
    0.1657731155403784,
    0.26288078715028756
  ],
  "boundaries": [
    -1.0,
    -0.21432695134533286,
    -0.12976709542860757,
    -0.06212521500779372,
    8.326672684688674e-17,
    0.062125215007793846,
    0.12976709542860765,
    0.21432695134533297,
    1.0
  ],
  "dim": 64,
  "bits": 3,
  "distortion": 0.0005106554116910644
}