{
  "centroids": [
    -0.33089254871243995,
    -0.25379063584122447,
    -0.2000713683714524,
    -0.15633298564174455,
    -0.1179808525077322,
    -0.082703263771589,
    -0.04912684075848141,
    -0.016311716268612615,
    0.016311716268612726,
    0.04912684075848147,
    0.0827032637715891,
    0.11798085250773226,
    0.1563329856417446,
    0.20007136837145245,
    0.25379063584122447,
    0.33089254871243995
  ],
  "boundaries": [
    -1.0,
    -0.2923415922768322,
    -0.22693100210633843,
    -0.17820217700659846,
    -0.13715691907473837,
    -0.1003420581396606,
    -0.0659150522650352,
    -0.032719278513547015,
    5.551115123125783e-17,
    0.0327192785135471,
    0.06591505226503529,
    0.10034205813966068,
    0.13715691907473843,
    0.17820217700659852,
    0.22693100210633846,
    0.2923415922768322,
    1.0
  ],
  "dim": 64,
  "bits": 4,
  "distortion": 0.00013885146324716063
}